{"cameraMode":{"drawMode":0,"name":"Shaded","section":"Shading Mode"},"sceneLighting":true,"audioPlay":false,"sceneViewState":{"showFog":true,"showMaterialUpdate":false,"showSkybox":true,"showFlares":true,"showImageEffects":true,"showParticleSystems":true},"in2DMode":false,"pivot":{"x":2.6591315269470217,"y":3.602508068084717,"z":-3.3215749263763429},"rotation":{"x":-0.21757365763187409,"y":0.32030022144317629,"z":-0.07583897560834885,"w":-0.9188719987869263},"size":18.663503646850587,"orthographic":false}